[{"model": "admin.logentry", "pk": 1, "fields": {"action_time": "2023-06-06T14:48:08.492Z", "user": 2, "content_type": 8, "object_id": "1", "object_repr": "DIP", "action_flag": 1, "change_message": "[{\"added\": {}}]"}}, {"model": "admin.logentry", "pk": 2, "fields": {"action_time": "2023-06-06T14:48:18.245Z", "user": 2, "content_type": 8, "object_id": "2", "object_repr": "Falcon Branch", "action_flag": 1, "change_message": "[{\"added\": {}}]"}}, {"model": "admin.logentry", "pk": 3, "fields": {"action_time": "2023-06-06T17:51:05.471Z", "user": 2, "content_type": 10, "object_id": "1", "object_repr": "Maher", "action_flag": 1, "change_message": "[{\"added\": {}}]"}}, {"model": "admin.logentry", "pk": 4, "fields": {"action_time": "2023-06-06T17:51:27.562Z", "user": 2, "content_type": 10, "object_id": "2", "object_repr": "Melissa", "action_flag": 1, "change_message": "[{\"added\": {}}]"}}, {"model": "admin.logentry", "pk": 5, "fields": {"action_time": "2023-06-06T17:51:43.309Z", "user": 2, "content_type": 10, "object_id": "3", "object_repr": "Sultan", "action_flag": 1, "change_message": "[{\"added\": {}}]"}}, {"model": "admin.logentry", "pk": 6, "fields": {"action_time": "2023-06-06T17:52:01.980Z", "user": 2, "content_type": 10, "object_id": "4", "object_repr": "Hamah", "action_flag": 1, "change_message": "[{\"added\": {}}]"}}, {"model": "admin.logentry", "pk": 7, "fields": {"action_time": "2023-06-06T17:52:13.614Z", "user": 2, "content_type": 10, "object_id": "5", "object_repr": "Ahmed", "action_flag": 1, "change_message": "[{\"added\": {}}]"}}, {"model": "admin.logentry", "pk": 8, "fields": {"action_time": "2023-06-06T17:52:21.499Z", "user": 2, "content_type": 10, "object_id": "2", "object_repr": "Melissa", "action_flag": 2, "change_message": "[{\"changed\": {\"fields\": [\"Branches\"]}}]"}}, {"model": "admin.logentry", "pk": 9, "fields": {"action_time": "2023-06-07T03:55:05.700Z", "user": 2, "content_type": 7, "object_id": "1", "object_repr": "Hair Styling Cut", "action_flag": 1, "change_message": "[{\"added\": {}}]"}}, {"model": "admin.logentry", "pk": 10, "fields": {"action_time": "2023-06-07T03:56:13.358Z", "user": 2, "content_type": 7, "object_id": "2", "object_repr": "Scalp shave", "action_flag": 1, "change_message": "[{\"added\": {}}]"}}, {"model": "admin.logentry", "pk": 11, "fields": {"action_time": "2023-06-07T03:57:40.280Z", "user": 2, "content_type": 7, "object_id": "3", "object_repr": "Kids hair cut (0-12)", "action_flag": 1, "change_message": "[{\"added\": {}}]"}}, {"model": "admin.logentry", "pk": 12, "fields": {"action_time": "2023-06-07T04:00:17.667Z", "user": 2, "content_type": 7, "object_id": "4", "object_repr": "Hair highlight", "action_flag": 1, "change_message": "[{\"added\": {}}]"}}, {"model": "admin.logentry", "pk": 13, "fields": {"action_time": "2023-06-07T04:01:43.955Z", "user": 2, "content_type": 7, "object_id": "5", "object_repr": "Hair Straightening", "action_flag": 1, "change_message": "[{\"added\": {}}]"}}, {"model": "admin.logentry", "pk": 14, "fields": {"action_time": "2023-06-07T04:04:27.967Z", "user": 2, "content_type": 7, "object_id": "6", "object_repr": "Hair Color", "action_flag": 1, "change_message": "[{\"added\": {}}]"}}, {"model": "admin.logentry", "pk": 15, "fields": {"action_time": "2023-06-07T04:05:30.253Z", "user": 2, "content_type": 7, "object_id": "7", "object_repr": "Keratin Treatment", "action_flag": 1, "change_message": "[{\"added\": {}}]"}}, {"model": "admin.logentry", "pk": 16, "fields": {"action_time": "2023-06-07T04:06:26.652Z", "user": 2, "content_type": 7, "object_id": "8", "object_repr": "Hot Oil Treatment", "action_flag": 1, "change_message": "[{\"added\": {}}]"}}, {"model": "admin.logentry", "pk": 17, "fields": {"action_time": "2023-06-07T04:07:03.969Z", "user": 2, "content_type": 11, "object_id": "1", "object_repr": "Alphonse", "action_flag": 1, "change_message": "[{\"added\": {}}]"}}, {"model": "admin.logentry", "pk": 18, "fields": {"action_time": "2023-06-07T04:07:24.961Z", "user": 2, "content_type": 11, "object_id": "2", "object_repr": "Sudais", "action_flag": 1, "change_message": "[{\"added\": {}}]"}}, {"model": "admin.logentry", "pk": 19, "fields": {"action_time": "2023-06-07T04:07:39.123Z", "user": 2, "content_type": 11, "object_id": "3", "object_repr": "John", "action_flag": 1, "change_message": "[{\"added\": {}}]"}}, {"model": "admin.logentry", "pk": 20, "fields": {"action_time": "2023-06-09T12:44:04.745Z", "user": 2, "content_type": 7, "object_id": "9", "object_repr": "Shave", "action_flag": 1, "change_message": "[{\"added\": {}}]"}}, {"model": "admin.logentry", "pk": 21, "fields": {"action_time": "2023-06-09T12:45:09.462Z", "user": 2, "content_type": 7, "object_id": "10", "object_repr": "Signature shave", "action_flag": 1, "change_message": "[{\"added\": {}}]"}}, {"model": "admin.logentry", "pk": 22, "fields": {"action_time": "2023-06-09T12:46:20.723Z", "user": 2, "content_type": 7, "object_id": "11", "object_repr": "Manicure", "action_flag": 1, "change_message": "[{\"added\": {}}]"}}, {"model": "admin.logentry", "pk": 23, "fields": {"action_time": "2023-06-09T12:47:11.992Z", "user": 2, "content_type": 7, "object_id": "12", "object_repr": "Pedicure", "action_flag": 1, "change_message": "[{\"added\": {}}]"}}, {"model": "admin.logentry", "pk": 24, "fields": {"action_time": "2023-06-09T12:48:08.038Z", "user": 2, "content_type": 7, "object_id": "13", "object_repr": "Under Arms", "action_flag": 1, "change_message": "[{\"added\": {}}]"}}, {"model": "admin.logentry", "pk": 25, "fields": {"action_time": "2023-06-09T12:50:40.864Z", "user": 2, "content_type": 7, "object_id": "14", "object_repr": "Legs", "action_flag": 1, "change_message": "[{\"added\": {}}]"}}, {"model": "admin.logentry", "pk": 26, "fields": {"action_time": "2023-06-09T12:51:38.291Z", "user": 2, "content_type": 7, "object_id": "15", "object_repr": "Back", "action_flag": 1, "change_message": "[{\"added\": {}}]"}}, {"model": "admin.logentry", "pk": 27, "fields": {"action_time": "2023-06-09T13:41:18.140Z", "user": 2, "content_type": 7, "object_id": "12", "object_repr": "Pedicure", "action_flag": 2, "change_message": "[{\"changed\": {\"fields\": [\"Category\"]}}]"}}, {"model": "admin.logentry", "pk": 28, "fields": {"action_time": "2023-06-10T17:01:28.261Z", "user": 2, "content_type": 9, "object_id": "7", "object_repr": "Alphonse - salonmanager.Service.None with Melissa on 11:30:00", "action_flag": 3, "change_message": ""}}, {"model": "admin.logentry", "pk": 29, "fields": {"action_time": "2023-06-10T17:01:28.379Z", "user": 2, "content_type": 9, "object_id": "6", "object_repr": "Sudais - salonmanager.Service.None with Maher on 10:45:00", "action_flag": 3, "change_message": ""}}, {"model": "admin.logentry", "pk": 30, "fields": {"action_time": "2023-06-10T17:01:28.477Z", "user": 2, "content_type": 9, "object_id": "5", "object_repr": "John - salonmanager.Service.None with Maher on 12:00:00", "action_flag": 3, "change_message": ""}}, {"model": "admin.logentry", "pk": 31, "fields": {"action_time": "2023-06-10T17:01:28.586Z", "user": 2, "content_type": 9, "object_id": "4", "object_repr": "John - salonmanager.Service.None with Sultan on 11:30:00", "action_flag": 3, "change_message": ""}}, {"model": "admin.logentry", "pk": 32, "fields": {"action_time": "2023-06-10T17:01:28.687Z", "user": 2, "content_type": 9, "object_id": "3", "object_repr": "Sudais - salonmanager.Service.None with Maher on 11:45:00", "action_flag": 3, "change_message": ""}}, {"model": "admin.logentry", "pk": 33, "fields": {"action_time": "2023-06-10T17:01:28.771Z", "user": 2, "content_type": 9, "object_id": "2", "object_repr": "Sudais - salonmanager.Service.None with Sultan on 11:00:00", "action_flag": 3, "change_message": ""}}, {"model": "admin.logentry", "pk": 34, "fields": {"action_time": "2023-06-10T17:01:28.870Z", "user": 2, "content_type": 9, "object_id": "1", "object_repr": "Sudais - salonmanager.Service.None with Sultan on 11:00:00", "action_flag": 3, "change_message": ""}}, {"model": "admin.logentry", "pk": 35, "fields": {"action_time": "2023-06-10T18:18:53.610Z", "user": 2, "content_type": 9, "object_id": "13", "object_repr": "John - salonmanager.Service.None with Maher on 13:15:00", "action_flag": 3, "change_message": ""}}, {"model": "admin.logentry", "pk": 36, "fields": {"action_time": "2023-06-10T18:18:53.996Z", "user": 2, "content_type": 9, "object_id": "12", "object_repr": "John - salonmanager.Service.None with Maher on 18:00:00", "action_flag": 3, "change_message": ""}}, {"model": "admin.logentry", "pk": 37, "fields": {"action_time": "2023-06-10T18:18:54.080Z", "user": 2, "content_type": 9, "object_id": "11", "object_repr": "Alphonse - salonmanager.Service.None with Maher on 13:15:00", "action_flag": 3, "change_message": ""}}, {"model": "admin.logentry", "pk": 38, "fields": {"action_time": "2023-06-10T18:18:54.171Z", "user": 2, "content_type": 9, "object_id": "10", "object_repr": "Alphonse - salonmanager.Service.None with Maher on 11:30:00", "action_flag": 3, "change_message": ""}}, {"model": "admin.logentry", "pk": 39, "fields": {"action_time": "2023-06-10T18:18:54.288Z", "user": 2, "content_type": 9, "object_id": "9", "object_repr": "Sudais - salonmanager.Service.None with Maher on 13:00:00", "action_flag": 3, "change_message": ""}}, {"model": "admin.logentry", "pk": 40, "fields": {"action_time": "2023-06-10T18:18:54.397Z", "user": 2, "content_type": 9, "object_id": "8", "object_repr": "Alphonse - salonmanager.Service.None with Maher on 10:30:00", "action_flag": 3, "change_message": ""}}, {"model": "auth.permission", "pk": 1, "fields": {"name": "Can add log entry", "content_type": 1, "codename": "add_logentry"}}, {"model": "auth.permission", "pk": 2, "fields": {"name": "Can change log entry", "content_type": 1, "codename": "change_logentry"}}, {"model": "auth.permission", "pk": 3, "fields": {"name": "Can delete log entry", "content_type": 1, "codename": "delete_logentry"}}, {"model": "auth.permission", "pk": 4, "fields": {"name": "Can view log entry", "content_type": 1, "codename": "view_logentry"}}, {"model": "auth.permission", "pk": 5, "fields": {"name": "Can add permission", "content_type": 2, "codename": "add_permission"}}, {"model": "auth.permission", "pk": 6, "fields": {"name": "Can change permission", "content_type": 2, "codename": "change_permission"}}, {"model": "auth.permission", "pk": 7, "fields": {"name": "Can delete permission", "content_type": 2, "codename": "delete_permission"}}, {"model": "auth.permission", "pk": 8, "fields": {"name": "Can view permission", "content_type": 2, "codename": "view_permission"}}, {"model": "auth.permission", "pk": 9, "fields": {"name": "Can add group", "content_type": 3, "codename": "add_group"}}, {"model": "auth.permission", "pk": 10, "fields": {"name": "Can change group", "content_type": 3, "codename": "change_group"}}, {"model": "auth.permission", "pk": 11, "fields": {"name": "Can delete group", "content_type": 3, "codename": "delete_group"}}, {"model": "auth.permission", "pk": 12, "fields": {"name": "Can view group", "content_type": 3, "codename": "view_group"}}, {"model": "auth.permission", "pk": 13, "fields": {"name": "Can add user", "content_type": 4, "codename": "add_user"}}, {"model": "auth.permission", "pk": 14, "fields": {"name": "Can change user", "content_type": 4, "codename": "change_user"}}, {"model": "auth.permission", "pk": 15, "fields": {"name": "Can delete user", "content_type": 4, "codename": "delete_user"}}, {"model": "auth.permission", "pk": 16, "fields": {"name": "Can view user", "content_type": 4, "codename": "view_user"}}, {"model": "auth.permission", "pk": 17, "fields": {"name": "Can add content type", "content_type": 5, "codename": "add_contenttype"}}, {"model": "auth.permission", "pk": 18, "fields": {"name": "Can change content type", "content_type": 5, "codename": "change_contenttype"}}, {"model": "auth.permission", "pk": 19, "fields": {"name": "Can delete content type", "content_type": 5, "codename": "delete_contenttype"}}, {"model": "auth.permission", "pk": 20, "fields": {"name": "Can view content type", "content_type": 5, "codename": "view_contenttype"}}, {"model": "auth.permission", "pk": 21, "fields": {"name": "Can add session", "content_type": 6, "codename": "add_session"}}, {"model": "auth.permission", "pk": 22, "fields": {"name": "Can change session", "content_type": 6, "codename": "change_session"}}, {"model": "auth.permission", "pk": 23, "fields": {"name": "Can delete session", "content_type": 6, "codename": "delete_session"}}, {"model": "auth.permission", "pk": 24, "fields": {"name": "Can view session", "content_type": 6, "codename": "view_session"}}, {"model": "auth.permission", "pk": 25, "fields": {"name": "Can add service", "content_type": 7, "codename": "add_service"}}, {"model": "auth.permission", "pk": 26, "fields": {"name": "Can change service", "content_type": 7, "codename": "change_service"}}, {"model": "auth.permission", "pk": 27, "fields": {"name": "Can delete service", "content_type": 7, "codename": "delete_service"}}, {"model": "auth.permission", "pk": 28, "fields": {"name": "Can view service", "content_type": 7, "codename": "view_service"}}, {"model": "auth.permission", "pk": 29, "fields": {"name": "Can add branch", "content_type": 8, "codename": "add_branch"}}, {"model": "auth.permission", "pk": 30, "fields": {"name": "Can change branch", "content_type": 8, "codename": "change_branch"}}, {"model": "auth.permission", "pk": 31, "fields": {"name": "Can delete branch", "content_type": 8, "codename": "delete_branch"}}, {"model": "auth.permission", "pk": 32, "fields": {"name": "Can view branch", "content_type": 8, "codename": "view_branch"}}, {"model": "auth.permission", "pk": 33, "fields": {"name": "Can add appointment", "content_type": 9, "codename": "add_appointment"}}, {"model": "auth.permission", "pk": 34, "fields": {"name": "Can change appointment", "content_type": 9, "codename": "change_appointment"}}, {"model": "auth.permission", "pk": 35, "fields": {"name": "Can delete appointment", "content_type": 9, "codename": "delete_appointment"}}, {"model": "auth.permission", "pk": 36, "fields": {"name": "Can view appointment", "content_type": 9, "codename": "view_appointment"}}, {"model": "auth.permission", "pk": 37, "fields": {"name": "Can add staff member", "content_type": 10, "codename": "add_staffmember"}}, {"model": "auth.permission", "pk": 38, "fields": {"name": "Can change staff member", "content_type": 10, "codename": "change_staffmember"}}, {"model": "auth.permission", "pk": 39, "fields": {"name": "Can delete staff member", "content_type": 10, "codename": "delete_staffmember"}}, {"model": "auth.permission", "pk": 40, "fields": {"name": "Can view staff member", "content_type": 10, "codename": "view_staffmember"}}, {"model": "auth.permission", "pk": 41, "fields": {"name": "Can add customer", "content_type": 11, "codename": "add_customer"}}, {"model": "auth.permission", "pk": 42, "fields": {"name": "Can change customer", "content_type": 11, "codename": "change_customer"}}, {"model": "auth.permission", "pk": 43, "fields": {"name": "Can delete customer", "content_type": 11, "codename": "delete_customer"}}, {"model": "auth.permission", "pk": 44, "fields": {"name": "Can view customer", "content_type": 11, "codename": "view_customer"}}, {"model": "auth.permission", "pk": 45, "fields": {"name": "Can add invoice", "content_type": 12, "codename": "add_invoice"}}, {"model": "auth.permission", "pk": 46, "fields": {"name": "Can change invoice", "content_type": 12, "codename": "change_invoice"}}, {"model": "auth.permission", "pk": 47, "fields": {"name": "Can delete invoice", "content_type": 12, "codename": "delete_invoice"}}, {"model": "auth.permission", "pk": 48, "fields": {"name": "Can view invoice", "content_type": 12, "codename": "view_invoice"}}, {"model": "auth.permission", "pk": 49, "fields": {"name": "Can add packages", "content_type": 13, "codename": "add_packages"}}, {"model": "auth.permission", "pk": 50, "fields": {"name": "Can change packages", "content_type": 13, "codename": "change_packages"}}, {"model": "auth.permission", "pk": 51, "fields": {"name": "Can delete packages", "content_type": 13, "codename": "delete_packages"}}, {"model": "auth.permission", "pk": 52, "fields": {"name": "Can view packages", "content_type": 13, "codename": "view_packages"}}, {"model": "auth.user", "pk": 1, "fields": {"password": "pbkdf2_sha256$600000$X7uh3vgX6B7S1v3R6aTtes$BciVHT6TLzERJ9mXMFpjf4t4GJeHL+O9Twe1PSJpDag=", "last_login": "2023-06-14T09:52:09.612Z", "is_superuser": false, "username": "Mourad", "first_name": "", "last_name": "", "email": "marketing@zsalon.com", "is_staff": false, "is_active": true, "date_joined": "2023-06-05T11:45:13.808Z", "groups": [], "user_permissions": []}}, {"model": "auth.user", "pk": 2, "fields": {"password": "pbkdf2_sha256$600000$lhuJ2s4JCIcGiKqd1btq4y$QHuMBvuc/J7ao7KhifWaxIIkjiamOVbTCVZmdRO7AKw=", "last_login": "2023-06-14T09:52:33.785Z", "is_superuser": true, "username": "Sudais", "first_name": "", "last_name": "", "email": "", "is_staff": true, "is_active": true, "date_joined": "2023-06-06T13:56:44.354Z", "groups": [], "user_permissions": []}}, {"model": "auth.user", "pk": 3, "fields": {"password": "pbkdf2_sha256$600000$ox6CwVU2lSvGKlXiy4QSER$aJOtCN1e9Rh7uFz1lll0SrzuhkIdOaSm3S6Y08Q/N0Q=", "last_login": "2023-07-05T11:36:03.176Z", "is_superuser": false, "username": "khazi", "first_name": "", "last_name": "", "email": "khazihajira@gmail.com", "is_staff": false, "is_active": true, "date_joined": "2023-07-03T16:06:33.428Z", "groups": [], "user_permissions": []}}, {"model": "contenttypes.contenttype", "pk": 1, "fields": {"app_label": "admin", "model": "logentry"}}, {"model": "contenttypes.contenttype", "pk": 2, "fields": {"app_label": "auth", "model": "permission"}}, {"model": "contenttypes.contenttype", "pk": 3, "fields": {"app_label": "auth", "model": "group"}}, {"model": "contenttypes.contenttype", "pk": 4, "fields": {"app_label": "auth", "model": "user"}}, {"model": "contenttypes.contenttype", "pk": 5, "fields": {"app_label": "contenttypes", "model": "contenttype"}}, {"model": "contenttypes.contenttype", "pk": 6, "fields": {"app_label": "sessions", "model": "session"}}, {"model": "contenttypes.contenttype", "pk": 7, "fields": {"app_label": "salonmanager", "model": "service"}}, {"model": "contenttypes.contenttype", "pk": 8, "fields": {"app_label": "salonmanager", "model": "branch"}}, {"model": "contenttypes.contenttype", "pk": 9, "fields": {"app_label": "salonmanager", "model": "appointment"}}, {"model": "contenttypes.contenttype", "pk": 10, "fields": {"app_label": "salonmanager", "model": "staffmember"}}, {"model": "contenttypes.contenttype", "pk": 11, "fields": {"app_label": "salonmanager", "model": "customer"}}, {"model": "contenttypes.contenttype", "pk": 12, "fields": {"app_label": "salonmanager", "model": "invoice"}}, {"model": "contenttypes.contenttype", "pk": 13, "fields": {"app_label": "salonmanager", "model": "packages"}}, {"model": "sessions.session", "pk": "fvjnmw0ixq9q4b6yj9zu8ay2kg4hp74l", "fields": {"session_data": ".eJxVjDsOwjAQBe_iGlnejb-U9JzBWtsbHECOFCcV4u4QKQW0b2beS0Ta1hq3zkucijgLFKffLVF-cNtBuVO7zTLPbV2mJHdFHrTL61z4eTncv4NKvX7rbDUYQHTEkEGhpZw9MviSQhl08JR8UWxGBRZccIxGo1cDJwN65CDeH8z_Nzo:1q9NB3:0dFHHYjH5z78_A9_3hhErORRMQccLMiXYassKt4-B4Q", "expire_date": "2023-06-28T09:52:33.886Z"}}, {"model": "sessions.session", "pk": "k0lmtz8fh1xqpraxj5gu5yoxcun9ex4h", "fields": {"session_data": "e30:1q6ETb:rAQ2E9URqrFkCYtWdTGoAykbKsV86UY6xkZlh9nsO-Q", "expire_date": "2023-06-19T17:58:43.188Z"}}, {"model": "sessions.session", "pk": "p5v6ym91xwpc213hihn4z4f6w57c8tkv", "fields": {"session_data": ".eJxVjDsOwyAQBe9CHSHAfEzK9D4Dgt0lOIlAMnYV5e6xJRdJ-2bmvVmI21rC1mkJM7IrG9jld0sRnlQPgI9Y741Dq-syJ34o_KSdTw3pdTvdv4MSe9lrMqCkc4kIBOJglEzaJxBGgdM6ZwQ05MHbSFmCHoUw1kdLyYPe2cg-XwX9OPk:1qH0nj:zDd9oigAeHKk_m1mU0ZUlVC4JV4h0bcymh5IXd3MG5s", "expire_date": "2023-07-19T11:36:03.194Z"}}, {"model": "sessions.session", "pk": "q824e8ew9obirjn04n6fxo1ud1193rx1", "fields": {"session_data": "e30:1q68eN:l8qDZq-TZyM23iph9UDUXx9Og9OPmgHMSWREVb-XuiU", "expire_date": "2023-06-19T11:45:27.954Z"}}, {"model": "salonmanager.service", "pk": 1, "fields": {"category": "Hair Services", "name": "Hair Styling Cut", "price_currency": "AED", "price": "63.00", "image": "service_images/Hair_S_cut.jpeg", "duration": "00:30:00"}}, {"model": "salonmanager.service", "pk": 2, "fields": {"category": "Hair Services", "name": "Scalp shave", "price_currency": "AED", "price": "42.00", "image": "service_images/Shaved-Head-Hairstyles.jpg", "duration": "00:20:00"}}, {"model": "salonmanager.service", "pk": 3, "fields": {"category": "Hair Services", "name": "Kids hair cut (0-12)", "price_currency": "AED", "price": "37.00", "image": "service_images/th.jpeg", "duration": "00:30:00"}}, {"model": "salonmanager.service", "pk": 4, "fields": {"category": "Hair Services", "name": "Hair highlight", "price_currency": "AED", "price": "158.00", "image": "service_images/OIP.jpeg", "duration": "02:00:00"}}, {"model": "salonmanager.service", "pk": 5, "fields": {"category": "Hair Services", "name": "Hair Straightening", "price_currency": "AED", "price": "158.00", "image": "service_images/download.jpeg", "duration": "00:45:00"}}, {"model": "salonmanager.service", "pk": 6, "fields": {"category": "Hair Services", "name": "Hair Color", "price_currency": "AED", "price": "105.00", "image": "service_images/OIP_1.jpeg", "duration": "00:45:00"}}, {"model": "salonmanager.service", "pk": 7, "fields": {"category": "Hair Services", "name": "Keratin Treatment", "price_currency": "AED", "price": "315.00", "image": "service_images/download_1.jpeg", "duration": "02:00:00"}}, {"model": "salonmanager.service", "pk": 8, "fields": {"category": "Hair Services", "name": "Hot Oil Treatment", "price_currency": "AED", "price": "53.00", "image": "service_images/download_2.jpeg", "duration": "00:05:00"}}, {"model": "salonmanager.service", "pk": 9, "fields": {"category": "Grooming", "name": "Shave", "price_currency": "AED", "price": "32.00", "image": "service_images/th_1.jpeg", "duration": "00:25:00"}}, {"model": "salonmanager.service", "pk": 10, "fields": {"category": "Grooming", "name": "Signature shave", "price_currency": "AED", "price": "47.00", "image": "service_images/download_3.jpeg", "duration": "00:30:00"}}, {"model": "salonmanager.service", "pk": 11, "fields": {"category": "Hands & Feet Treatment", "name": "Manicure", "price_currency": "AED", "price": "42.00", "image": "service_images/OIP_2.jpeg", "duration": "00:30:00"}}, {"model": "salonmanager.service", "pk": 12, "fields": {"category": "Hands & Feet Treatment", "name": "Pedicure", "price_currency": "AED", "price": "53.00", "image": "service_images/download_4.jpeg", "duration": "00:30:00"}}, {"model": "salonmanager.service", "pk": 13, "fields": {"category": "Waxing", "name": "Under Arms", "price_currency": "AED", "price": "32.00", "image": "service_images/download_5.jpeg", "duration": "00:15:00"}}, {"model": "salonmanager.service", "pk": 14, "fields": {"category": "Waxing", "name": "Legs", "price_currency": "AED", "price": "105.00", "image": "service_images/download_6.jpeg", "duration": "00:20:00"}}, {"model": "salonmanager.service", "pk": 15, "fields": {"category": "Waxing", "name": "Back", "price_currency": "AED", "price": "74.00", "image": "service_images/OIP_3.jpeg", "duration": "00:20:00"}}, {"model": "salonmanager.branch", "pk": 1, "fields": {"name": "DIP", "address": "70st, 598 Community, Greens Community,, European Business Center, Dubai Investment Park - Dubai - United Arab Emirates", "phone_number": "+971 56 812 6091", "email": "ZigzagDIP@gmail.com"}}, {"model": "salonmanager.branch", "pk": 2, "fields": {"name": "Falcon Branch", "address": "Falcon City Community Center - Falconcity of Wonders - Dubai - United Arab Emirates", "phone_number": "+971506801019", "email": "falconzigzag@gmail.com"}}, {"model": "salonmanager.branch", "pk": 3, "fields": {"name": "Jebel Ali Branch", "address": "JA Street, UAE, Dubai", "phone_number": "+971 8899003355", "email": "jali@gmail.com"}}, {"model": "salonmanager.staffmember", "pk": 1, "fields": {"name": "Maher", "image": "images/Sultan.jpeg", "branches": [1]}}, {"model": "salonmanager.staffmember", "pk": 2, "fields": {"name": "Melissa", "image": "images/Melisa.jpeg", "branches": [1, 2]}}, {"model": "salonmanager.staffmember", "pk": 3, "fields": {"name": "Sultan", "image": "images/Maher.jpeg", "branches": [1]}}, {"model": "salonmanager.staffmember", "pk": 4, "fields": {"name": "Hamah", "image": "images/Hamah.jpeg", "branches": [2]}}, {"model": "salonmanager.staffmember", "pk": 5, "fields": {"name": "Ahmed", "image": "images/Ahmed.jpeg", "branches": [2]}}, {"model": "salonmanager.customer", "pk": 1, "fields": {"name": "Alphonse", "phone_number": "97156812609", "email": "marketing@zstore.world", "profession": "Software Broker", "address": "UAE"}}, {"model": "salonmanager.customer", "pk": 2, "fields": {"name": "Sudais", "phone_number": "07349724060", "email": "pseudais@outlook.com", "profession": "TOPG", "address": "Mysore"}}, {"model": "salonmanager.customer", "pk": 3, "fields": {"name": "John", "phone_number": "50165534", "email": "john@abc.com", "profession": "NPC", "address": "Machester UK"}}, {"model": "salonmanager.customer", "pk": 4, "fields": {"name": "Hajira k", "phone_number": "9108997707", "email": "khazihajira@gmail.com", "profession": "Writer", "address": "Bangalore"}}, {"model": "salonmanager.appointment", "pk": 14, "fields": {"customer": 1, "staff_member": 1, "start_time": "12:45:00", "end_time": "13:15:00", "status": "booked", "cancel_time": null, "cancellation_fee": null, "total_price_currency": "AED", "total_price": "47.00", "date": "2023-06-10", "branch": 1, "services": [10]}}, {"model": "salonmanager.appointment", "pk": 15, "fields": {"customer": 3, "staff_member": 2, "start_time": "13:45:00", "end_time": "14:35:00", "status": "booked", "cancel_time": null, "cancellation_fee": null, "total_price_currency": "AED", "total_price": "152.00", "date": "2023-06-10", "branch": 1, "services": [10, 14]}}, {"model": "salonmanager.appointment", "pk": 16, "fields": {"customer": 1, "staff_member": 1, "start_time": "12:30:00", "end_time": "13:00:00", "status": "booked", "cancel_time": null, "cancellation_fee": null, "total_price_currency": "AED", "total_price": "47.00", "date": "2023-06-11", "branch": 1, "services": [10]}}, {"model": "salonmanager.appointment", "pk": 17, "fields": {"customer": 1, "staff_member": 2, "start_time": "11:00:00", "end_time": "11:50:00", "status": "booked", "cancel_time": null, "cancellation_fee": null, "total_price_currency": "AED", "total_price": "95.00", "date": "2023-06-11", "branch": 1, "services": [2, 12]}}, {"model": "salonmanager.appointment", "pk": 18, "fields": {"customer": 3, "staff_member": 5, "start_time": "12:00:00", "end_time": "12:45:00", "status": "booked", "cancel_time": null, "cancellation_fee": null, "total_price_currency": "AED", "total_price": "79.00", "date": "2023-06-11", "branch": 2, "services": [10, 13]}}, {"model": "salonmanager.appointment", "pk": 19, "fields": {"customer": 2, "staff_member": 3, "start_time": "13:15:00", "end_time": "13:45:00", "status": "booked", "cancel_time": null, "cancellation_fee": null, "total_price_currency": "AED", "total_price": "47.00", "date": "2023-06-11", "branch": 1, "services": [10]}}, {"model": "salonmanager.appointment", "pk": 20, "fields": {"customer": 1, "staff_member": 1, "start_time": "12:00:00", "end_time": "13:15:00", "status": "booked", "cancel_time": null, "cancellation_fee": null, "total_price_currency": "AED", "total_price": "211.00", "date": "2023-06-12", "branch": 1, "services": [5, 12]}}, {"model": "salonmanager.appointment", "pk": 21, "fields": {"customer": 3, "staff_member": 3, "start_time": "13:30:00", "end_time": "14:00:00", "status": "booked", "cancel_time": null, "cancellation_fee": null, "total_price_currency": "AED", "total_price": "47.00", "date": "2023-06-12", "branch": 1, "services": [10]}}, {"model": "salonmanager.appointment", "pk": 22, "fields": {"customer": 3, "staff_member": 4, "start_time": "13:45:00", "end_time": "14:15:00", "status": "booked", "cancel_time": null, "cancellation_fee": null, "total_price_currency": "AED", "total_price": "47.00", "date": "2023-06-12", "branch": 2, "services": [10]}}, {"model": "salonmanager.appointment", "pk": 23, "fields": {"customer": 1, "staff_member": 4, "start_time": "12:15:00", "end_time": "12:40:00", "status": "booked", "cancel_time": null, "cancellation_fee": null, "total_price_currency": "AED", "total_price": "32.00", "date": "2023-06-12", "branch": 1, "services": [9]}}, {"model": "salonmanager.appointment", "pk": 24, "fields": {"customer": 2, "staff_member": 4, "start_time": "12:15:00", "end_time": "12:45:00", "status": "booked", "cancel_time": null, "cancellation_fee": null, "total_price_currency": "AED", "total_price": "53.00", "date": "2023-06-12", "branch": 1, "services": [12]}}, {"model": "salonmanager.appointment", "pk": 25, "fields": {"customer": 3, "staff_member": 1, "start_time": "14:30:00", "end_time": "15:00:00", "status": "booked", "cancel_time": null, "cancellation_fee": null, "total_price_currency": "AED", "total_price": "47.00", "date": "2023-06-12", "branch": 1, "services": [10]}}, {"model": "salonmanager.appointment", "pk": 26, "fields": {"customer": 2, "staff_member": 4, "start_time": "12:45:00", "end_time": "13:05:00", "status": "booked", "cancel_time": null, "cancellation_fee": null, "total_price_currency": "AED", "total_price": "105.00", "date": "2023-06-12", "branch": 2, "services": [14]}}, {"model": "salonmanager.appointment", "pk": 27, "fields": {"customer": 2, "staff_member": 1, "start_time": "12:15:00", "end_time": "13:30:00", "status": "confirmed", "cancel_time": null, "cancellation_fee": null, "total_price_currency": "AED", "total_price": "200.00", "date": "2023-06-13", "branch": 1, "services": [5, 11]}}, {"model": "salonmanager.appointment", "pk": 28, "fields": {"customer": 1, "staff_member": 4, "start_time": "11:00:00", "end_time": "11:55:00", "status": "cancelled", "cancel_time": null, "cancellation_fee": null, "total_price_currency": "AED", "total_price": "79.00", "date": "2023-06-13", "branch": 2, "services": [9, 10]}}, {"model": "salonmanager.appointment", "pk": 29, "fields": {"customer": 3, "staff_member": 5, "start_time": "12:30:00", "end_time": "13:00:00", "status": "cancelled", "cancel_time": null, "cancellation_fee": null, "total_price_currency": "AED", "total_price": "47.00", "date": "2023-06-13", "branch": 2, "services": [10]}}, {"model": "salonmanager.appointment", "pk": 30, "fields": {"customer": 2, "staff_member": 5, "start_time": "13:30:00", "end_time": "14:00:00", "status": "cancelled", "cancel_time": null, "cancellation_fee": null, "total_price_currency": "AED", "total_price": "47.00", "date": "2023-06-13", "branch": 1, "services": [10]}}, {"model": "salonmanager.appointment", "pk": 31, "fields": {"customer": 2, "staff_member": 2, "start_time": "12:00:00", "end_time": "12:15:00", "status": "cancelled", "cancel_time": null, "cancellation_fee": null, "total_price_currency": "AED", "total_price": "32.00", "date": "2023-06-13", "branch": 1, "services": [13]}}, {"model": "salonmanager.appointment", "pk": 32, "fields": {"customer": 1, "staff_member": 3, "start_time": "12:30:00", "end_time": "13:00:00", "status": "verified", "cancel_time": null, "cancellation_fee": null, "total_price_currency": "AED", "total_price": "47.00", "date": "2023-06-13", "branch": 1, "services": [10]}}, {"model": "salonmanager.appointment", "pk": 33, "fields": {"customer": 1, "staff_member": 4, "start_time": "13:15:00", "end_time": "13:45:00", "status": "confirmed", "cancel_time": null, "cancellation_fee": null, "total_price_currency": "AED", "total_price": "42.00", "date": "2023-06-13", "branch": 2, "services": [11]}}, {"model": "salonmanager.appointment", "pk": 34, "fields": {"customer": 3, "staff_member": 1, "start_time": "15:30:00", "end_time": "15:45:00", "status": "completed", "cancel_time": null, "cancellation_fee": null, "total_price_currency": "AED", "total_price": "32.00", "date": "2023-06-13", "branch": 1, "services": [13]}}, {"model": "salonmanager.appointment", "pk": 35, "fields": {"customer": 2, "staff_member": 4, "start_time": "15:00:00", "end_time": "15:50:00", "status": "confirmed", "cancel_time": null, "cancellation_fee": null, "total_price_currency": "AED", "total_price": "89.00", "date": "2023-06-13", "branch": 1, "services": [2, 10]}}, {"model": "salonmanager.appointment", "pk": 36, "fields": {"customer": 2, "staff_member": 3, "start_time": "12:30:00", "end_time": "13:00:00", "status": "booked", "cancel_time": null, "cancellation_fee": null, "total_price_currency": "AED", "total_price": "53.00", "date": "2023-06-13", "branch": 1, "services": [12]}}, {"model": "salonmanager.appointment", "pk": 37, "fields": {"customer": 1, "staff_member": 2, "start_time": "13:30:00", "end_time": "14:00:00", "status": "confirmed", "cancel_time": null, "cancellation_fee": null, "total_price_currency": "AED", "total_price": "47.00", "date": "2023-06-15", "branch": 2, "services": [10]}}, {"model": "salonmanager.appointment", "pk": 38, "fields": {"customer": 2, "staff_member": 1, "start_time": "12:45:00", "end_time": "13:15:00", "status": "booked", "cancel_time": null, "cancellation_fee": null, "total_price_currency": "AED", "total_price": "42.00", "date": "2023-06-15", "branch": 1, "services": [11]}}, {"model": "salonmanager.appointment", "pk": 39, "fields": {"customer": 3, "staff_member": 2, "start_time": "12:15:00", "end_time": "12:45:00", "status": "confirmed", "cancel_time": null, "cancellation_fee": null, "total_price_currency": "AED", "total_price": "53.00", "date": "2023-06-15", "branch": 1, "services": [12]}}, {"model": "salonmanager.appointment", "pk": 40, "fields": {"customer": 1, "staff_member": 4, "start_time": "10:00:00", "end_time": "12:15:00", "status": "confirmed", "cancel_time": null, "cancellation_fee": null, "total_price_currency": "AED", "total_price": "42.00", "date": "2023-06-14", "branch": 2, "services": [11]}}, {"model": "salonmanager.appointment", "pk": 41, "fields": {"customer": 2, "staff_member": 3, "start_time": "13:00:00", "end_time": "13:20:00", "status": "booked", "cancel_time": null, "cancellation_fee": null, "total_price_currency": "AED", "total_price": "74.00", "date": "2023-06-15", "branch": 1, "services": [15]}}, {"model": "salonmanager.appointment", "pk": 42, "fields": {"customer": 1, "staff_member": 3, "start_time": "12:30:00", "end_time": "12:50:00", "status": "confirmed", "cancel_time": null, "cancellation_fee": null, "total_price_currency": "AED", "total_price": "105.00", "date": "2023-06-15", "branch": 1, "services": [14]}}, {"model": "salonmanager.appointment", "pk": 43, "fields": {"customer": 1, "staff_member": 1, "start_time": "11:30:00", "end_time": "12:00:00", "status": "booked", "cancel_time": null, "cancellation_fee": null, "total_price_currency": "AED", "total_price": "47.00", "date": "2023-06-15", "branch": 1, "services": [10]}}, {"model": "salonmanager.appointment", "pk": 44, "fields": {"customer": 2, "staff_member": 2, "start_time": "14:15:00", "end_time": "12:00:00", "status": "booked", "cancel_time": null, "cancellation_fee": null, "total_price_currency": "AED", "total_price": "47.00", "date": "2023-06-14", "branch": 1, "services": [10]}}]